Region,Country Code,Country Name,Agricultural land (% of land area),Agricultural land (sq. km),Armed forces personnel (% of total labor force),"Armed forces personnel, total",Average precipitation in depth (mm per year),"Birth rate, crude (per 1,000 people)","Current education expenditure, total (% of total expenditure in public institutions)",Current health expenditure (% of GDP),Current health expenditure per capita (current US$),"Current health expenditure per capita, PPP (current international $)",Forest area (% of land area),Forest area (sq. km),GDP (current US$),GDP per capita (current US$),"GDP per capita, PPP (current international $)","International tourism, receipts (% of total exports)","Life expectancy at birth, total (years)","Literacy rate, adult total (% of people ages 15 and above)",Mobile cellular subscriptions (per 100 people),Number of deaths ages 20-24 years,Population in largest city,Population in the largest city (% of urban population),"Population, total"
Oceania,AUS,Australia,48,"3,718,370",0,"58,000",534,13,,10,"5,816","5,136",17,"1,340,174","1,326,516,328,532","53,936","48,400",15,83,,108,690,"4,708,150",22,"24,594,202"
East & Southeast Asia,BRN,Brunei Darussalam,3,134,4,"8,000","2,722",16,,2,640,"1,366",72,"3,800","12,128,104,859","28,187","60,173",3,75,,127,17,,,"430,276"
East & Southeast Asia,CHN,China,56,"5,285,121",0,"2,695,000",645,13,,5,441,712,23,"2,143,395","12,310,409,370,893","8,817","14,244",,77,,104,"46,293","24,862,075",3,"1,396,215,000"
Oceania,FJI,Fiji,17,"3,142",1,"4,000","2,592",21,,3,186,409,61,"11,200","5,353,404,419","5,825","12,822",50,68,,113,99,,,"919,019"
Oceania,FSM,"Micronesia, Fed. Sts.",31,220,,,,21,,12,405,379,92,643,"366,666,800","3,320","3,522",,71,,21,15,,,"110,430"
East & Southeast Asia,IDN,Indonesia,33,"623,000",1,"676,000","2,702",18,,3,112,318,50,"939,498","1,015,618,742,566","3,840","10,942",8,70,,165,"22,833","10,401,144",7,"264,498,852"
East & Southeast Asia,JPN,Japan,12,"44,440",0,"261,000","1,668",8,89,11,"4,148","4,427",68,"249,350","4,930,837,369,151","38,834","41,444",4,84,,136,"2,119","37,397,437",32,"126,972,000"
East & Southeast Asia,KHM,Cambodia,32,"56,520",2,"191,000","1,904",21,,6,80,227,48,"85,354","22,177,200,512","1,401","3,973",25,71,,117,"1,361","1,892,615",52,"15,830,689"
Oceania,KIR,Kiribati,42,340,,,,29,,11,166,226,1,12,"188,192,060","1,564","1,962",18,67,,38,21,,,"120,362"
East & Southeast Asia,KOR,"Korea, Rep.",17,"16,767",2,"634,000","1,274",7,85,7,"2,239","2,902",65,"63,170","1,623,901,496,836","31,617","40,957",3,83,,124,"1,123","9,941,235",24,"51,361,911"
East & Southeast Asia,LAO,Lao PDR,10,"22,569",5,"129,000","1,834",24,,3,62,182,72,"166,990","17,071,162,084","2,439","7,211",12,67,,53,"1,062","657,108",27,"6,997,917"
Oceania,MHL,Marshall Islands,48,86,,,,22,,14,646,569,52,94,"212,701,200","4,508","4,635",19,64,,34,5,,,"47,187"
East & Southeast Asia,MMR,Myanmar,20,"130,536",2,"513,000","2,091",18,80,5,59,219,45,"294,130","61,449,392,056","1,175","4,313",15,66,,92,"5,448","5,053,341",32,"52,288,341"
East & Southeast Asia,MNG,Mongolia,73,"1,134,672",1,"18,000",241,24,91,4,146,451,9,"141,761","11,480,847,745","3,708","11,431",7,70,,126,232,"1,466,589",69,"3,096,030"
East & Southeast Asia,MYS,Malaysia,26,"85,710",1,"136,000","2,875",16,92,4,371,963,59,"192,645","319,112,175,612","9,980","25,935",9,75,95,132,"2,115","7,318,545",30,"31,975,806"
Oceania,NRU,Nauru,20,4,,,,30,,11,"1,093","1,350",0,0,"109,359,680","9,361","11,747",10,63,,86,1,,,"11,682"
Oceania,NZL,New Zealand,40,"106,440",0,"9,000","1,732",12,,9,"3,904","3,839",37,"98,509","206,623,758,800","42,925","42,219",19,82,,135,184,"1,525,666",37,"4,813,600"
East & Southeast Asia,PHL,Philippines,42,"125,850",0,"153,000","2,348",23,,4,122,317,24,"70,839","328,480,867,143","3,077","8,002",10,72,,112,"11,575","13,271,721",27,"106,738,501"
Oceania,PLW,Palau,9,43,,,,12,,12,"1,945","2,157",89,412,"285,600,000","16,012","17,595",93,,,,5,,,"17,837"
Oceania,PNG,Papua New Guinea,3,"11,900",0,"4,000","3,142",27,,2,56,88,79,"359,564","22,742,613,554","2,495","3,967",0,65,,44,"1,489","359,441",30,"9,114,796"
East & Southeast Asia,PRK,"Korea, Dem. People's Rep.",22,"26,050",10,"1,469,000","1,054",14,,,,,51,"60,938",,,,,73,,15,"2,154","3,015,132",19,"25,516,321"
East & Southeast Asia,SGP,Singapore,1,7,2,"81,000","2,497",9,,4,"2,599","4,051",23,161,"343,193,352,162","61,151","95,310",3,83,97,145,108,"5,708,844",100,"5,612,253"
Oceania,SLB,Solomon Islands,4,"1,170",,,"3,028",32,,4,95,108,90,"25,252","1,469,787,256","2,284","2,625",13,70,,72,66,,,"643,634"
East & Southeast Asia,THA,Thailand,44,"227,100",1,"455,000","1,622",10,,4,248,655,39,"199,810","456,356,961,443","6,437","17,008",19,78,,171,"6,933","9,898,653",28,"70,898,202"
East & Southeast Asia,TLS,Timor-Leste,23,"3,416",0,"2,000","1,500",26,,7,87,212,62,"9,256","1,595,724,261","1,284","3,138",66,68,,125,375,,,"1,243,235"
Oceania,TON,Tonga,49,350,,,,24,,5,213,304,12,90,"460,379,145","4,367","6,257",48,71,,102,10,,,"105,415"
Oceania,TUV,Tuvalu,60,18,,,,23,,16,660,720,33,10,"45,217,658","4,176","4,209",,64,,74,1,,,"10,828"
East & Southeast Asia,VNM,Vietnam,39,"121,688",1,"522,000","1,821",16,,5,141,427,46,"144,154","281,353,625,688","2,992","9,051",4,74,,128,"5,701","7,870,501",24,"94,033,048"
Oceania,VUT,Vanuatu,15,"1,870",,,"2,000",31,99,3,84,84,36,"4,423","880,062,103","3,032","3,031",84,70,,79,33,,,"290,239"
Oceania,WSM,Samoa,22,620,,,"2,880",29,,5,217,334,59,"1,631","884,847,176","4,262","6,239",60,73,,60,16,,,"207,630"
Europe,ALB,Albania,43,"11,743",1,"9,000","1,485",11,92,7,296,834,29,"7,889","13,019,689,337","4,531","12,771",49,79,,126,108,"466,651",27,"2,873,457"
Europe,AND,Andorra,40,188,,,,,99,7,"2,910","3,762",34,160,"3,000,180,750","40,632",,,,,109,2,,,"73,837"
West Asia & North Africa,ARM,Armenia,59,"16,761",3,"49,000",562,14,88,10,419,"1,296",12,"3,291","11,527,458,566","4,042","12,510",28,75,100,122,140,"1,077,299",60,"2,851,923"
Europe,AUT,Austria,32,"26,546",0,"21,000","1,110",10,93,10,"4,939","5,641",47,"38,884","417,261,151,845","47,429","54,173",10,82,,123,193,"1,878,456",37,"8,797,566"
West Asia & North Africa,AZE,Azerbaijan,58,"47,775",2,"82,000",447,15,99,4,152,516,13,"10,972","40,865,558,912","4,147","14,121",16,72,100,101,528,"2,258,971",41,"9,854,033"
Europe,BEL,Belgium,44,"13,270",1,"32,000",847,11,95,11,"4,762","5,435",23,"6,893","502,764,720,556","44,198","50,442",2,81,,100,257,"2,033,713",18,"11,375,158"
Europe,BGR,Bulgaria,46,"50,295",1,"31,000",608,9,96,7,625,"1,603",36,"38,540","59,199,447,421","8,366","21,470",12,75,,119,209,"1,266,840",24,"7,075,947"
Europe,BIH,Bosnia and Herzegovina,44,"22,280",1,"11,000","1,028",9,,9,470,"1,198",43,"21,879","18,080,118,186","5,256","13,400",13,77,,100,109,"342,509",21,"3,440,027"
Europe,BLR,Belarus,42,"84,940",3,"155,000",618,11,94,6,325,"1,030",43,"87,241","54,726,595,249","5,786","18,356",3,74,,118,299,"1,984,675",27,"9,458,989"
Europe,CHE,Switzerland,38,"15,130",0,"21,000","1,537",10,,11,"9,606","7,964",32,"12,588","695,200,833,086","82,254","69,104",4,84,,131,146,"1,356,037",22,"8,451,840"
West Asia & North Africa,CYP,Cyprus,13,"1,214",3,"16,000",498,11,92,7,"1,773","2,558",19,"1,726","22,946,726,164","26,697","38,415",19,81,,136,33,,,"1,208,523"
Europe,CZE,Czechia,46,"35,210",0,"23,000",677,11,91,7,"1,525","2,870",35,"26,717","218,628,940,952","20,636","38,825",4,79,,120,256,"1,284,162",16,"10,594,438"
Europe,DEU,Germany,48,"166,870",0,"180,000",700,10,93,11,"5,065","6,020",33,"114,190","3,690,849,152,518","44,653","53,071",3,81,,133,"1,410","3,539,234",6,"82,657,002"
Europe,DNK,Denmark,66,"26,313",1,"15,000",703,11,93,10,"5,834","5,606",16,"6,256","332,121,063,806","57,610","55,357",5,81,,124,111,"1,303,974",26,"5,764,980"
Europe,ESP,Spain,53,"262,955",1,"196,000",636,8,95,9,"2,525","3,543",37,"185,593","1,313,245,330,198","28,185","39,529",,83,,113,591,"6,403,902",17,"46,593,236"
Europe,EST,Estonia,23,"9,820",1,"6,000",626,11,91,7,"1,350","2,234",57,"24,384","26,924,385,103","20,438","33,822",10,78,,145,36,"429,990",47,"1,317,384"
Europe,FIN,Finland,7,"22,700",1,"25,000",536,9,91,9,"4,236","4,342",74,"224,090","255,647,979,916","46,412","47,570",5,82,,130,177,"1,259,875",27,"5,508,214"
Europe,FRA,France,52,"286,975",1,"307,000",867,12,92,11,"4,412","5,071",31,"170,028","2,595,151,045,198","38,781","44,577",8,83,,108,"1,391","10,844,847",20,"66,918,020"
Europe,GBR,United Kingdom,72,"174,662",0,"148,000","1,220",11,97,10,"3,930","4,461",13,"31,640","2,683,399,006,716","40,621","46,372",,81,,120,"1,542","8,916,251",16,"66,058,859"
West Asia & North Africa,GEO,Georgia,34,"23,848",1,"26,000","1,026",15,,7,304,948,41,"28,224","16,242,916,916","4,357","13,590",39,74,99,146,203,"1,077,597",50,"3,728,004"
Europe,GRC,Greece,47,"60,535",3,"146,000",652,8,88,8,"1,510","2,324",30,"39,018","199,844,406,014","18,582","28,605",27,81,,121,225,"3,157,451",37,"10,754,679"
Europe,HRV,Croatia,27,"14,970",1,"18,000","1,113",9,96,7,903,"1,798",35,"19,316","56,323,836,170","13,656","27,207",38,78,,103,100,"685,942",29,"4,124,531"
Europe,HUN,Hungary,58,"53,030",1,"40,000",589,10,90,7,984,"1,986",23,"20,573","143,112,196,040","14,621","29,501",7,76,,102,233,"1,754,955",25,"9,787,966"
Europe,IRL,Ireland,65,"44,890",0,"9,000","1,118",13,95,7,"5,010","5,583",11,"7,700","336,377,500,161","69,971","77,749",4,82,,103,97,"1,188,418",39,"4,807,388"
Europe,ISL,Iceland,19,"18,720",0,0,"1,940",12,95,8,"5,945","4,593",0,494,"24,728,285,177","72,010","55,638",,83,,117,8,,,"343,400"
Europe,ITA,Italy,43,"128,266",1,"347,000",832,8,98,9,"2,810","3,605",32,"94,047","1,961,796,197,354","32,407","41,581",8,83,,140,896,"4,177,286",10,"60,536,709"
Central Asia,KAZ,Kazakhstan,80,"2,162,137",1,"71,000",250,22,96,3,278,747,1,"33,670","166,805,800,596","9,248","24,863",4,73,,146,"1,186","1,772,779",17,"18,037,776"
Central Asia,KGZ,Kyrgyz Republic,55,"105,401",1,"21,000",533,25,85,6,78,316,7,"12,607","7,702,934,800","1,243","5,047",19,71,,138,451,"975,889",44,"6,198,200"
Europe,LIE,Liechtenstein,33,53,,,,9,,,,,42,67,"6,474,256,119","170,874",,,84,,122,,,,"37,889"
Europe,LTU,Lithuania,47,"29,353",2,"34,000",656,10,95,6,"1,083","2,171",35,"21,960","47,758,736,932","16,885","33,762",,75,,150,132,"534,453",28,"2,828,403"
Europe,LUX,Luxembourg,51,"1,312",1,"2,000",934,10,91,5,"5,713","5,962",34,887,"65,712,180,343","110,193","114,986",4,82,,133,9,,,"596,336"
Europe,LVA,Latvia,31,"19,330",1,"6,000",667,11,89,6,933,"1,704",55,"33,992","30,483,806,018","15,695","28,674",,75,,126,73,"639,982",48,"1,942,248"
Europe,MCO,Monaco,,,,,,,,2,"2,852","3,168",0,0,"6,431,314,957","173,613",,,,,89,1,,,"37,044"
Europe,MDA,Moldova,70,"23,173",1,"7,000",450,14,88,7,244,810,12,"3,865","9,669,741,744","3,510","11,651",14,71,,118,182,"515,129",44,"2,755,189"
Europe,MKD,North Macedonia,50,"12,660",2,"16,000",619,11,,6,345,993,40,"10,015","11,307,058,382","5,450","15,706",5,76,,95,53,"575,931",48,"2,074,502"
Europe,MNE,Montenegro,19,"2,563",4,"12,000",,12,,8,612,"1,546",61,"8,270","4,856,632,399","7,803","19,682",55,76,,165,19,,,"622,373"
Europe,NLD,Netherlands,54,"18,190",0,"41,000",778,10,89,10,"4,935","5,585",11,"3,667","833,869,641,687","48,675","55,089",3,82,,119,300,"1,123,080",7,"17,131,296"
Europe,NOR,Norway,3,"9,851",1,"23,000","1,414",11,87,10,"7,816","6,631",33,"121,566","398,393,955,269","75,497","64,051",5,83,,108,126,"997,451",23,"5,276,968"
Europe,POL,Poland,47,"144,620",1,"191,000",600,11,93,7,910,"1,972",31,"94,470","524,645,833,885","13,816","29,958",5,78,,131,"1,274","1,758,551",8,"37,974,826"
Europe,PRT,Portugal,40,"36,734",1,"52,000",854,8,96,9,"1,998","3,072",36,"33,120","221,357,874,719","21,490","33,045",23,81,,114,180,"2,912,590",44,"10,300,300"
Europe,ROU,Romania,58,"133,780",1,"126,000",637,11,95,5,555,"1,394",30,"69,291","210,146,748,920","10,728","26,943",4,75,,114,566,"1,830,515",17,"19,588,715"
Europe,RUS,Russian Federation,13,"2,154,940",2,"1,454,000",460,12,92,5,580,"1,403",50,"8,153,116","1,574,199,387,071","10,720","25,926",4,72,,156,"7,986","12,288,465",11,"144,496,739"
Europe,SMR,San Marino,38,23,,,,7,100,8,"3,805","4,934",17,10,"1,528,630,707","44,886","58,202",,,,112,0,,,"34,056"
Europe,SRB,Serbia,39,"34,380",1,"32,000",,9,95,8,516,"1,362",31,"27,219","44,179,055,280","6,293","16,611",8,76,,123,190,"1,382,669",35,"7,020,858"
Europe,SVK,Slovak Republic,39,"18,790",1,"16,000",824,11,95,7,"1,189","2,038",40,"19,259","95,649,966,261","17,585","30,062",3,77,,131,163,"427,245",15,"5,439,232"
Europe,SVN,Slovenia,31,"6,150",1,"7,000","1,162",10,93,8,"1,925","2,989",62,"12,439","48,589,100,043","23,514","36,508",8,81,,116,41,,,"2,066,388"
Europe,SWE,Sweden,7,"30,114",1,"30,000",624,12,96,11,"5,838","5,638",69,"279,800","541,018,749,769","53,792","51,948",,82,,124,274,"1,553,180",18,"10,057,698"
Central Asia,TJK,Tajikistan,35,"49,071",1,"17,000",691,29,,7,58,222,3,"4,218","7,536,439,875",844,"3,236",15,70,,111,396,"852,071",35,"8,925,525"
Central Asia,TKM,Turkmenistan,72,"338,380",2,"42,000",161,25,,6,461,995,9,"41,270","37,926,285,714","6,355","13,704",,69,,157,662,"790,827",26,"5,968,383"
West Asia & North Africa,TUR,Turkiye,49,"379,640",2,"512,000",593,17,87,4,437,"1,153",28,"217,525","858,996,263,096","10,464","27,583",14,77,96,95,"3,543","14,539,767",24,"82,089,826"
Europe,UKR,Ukraine,72,"414,890",1,"297,000",565,9,92,7,187,839,17,"96,710","112,090,530,369","2,638","11,861",4,72,,131,"2,006","2,935,992",9,"44,831,135"
Central Asia,UZB,Uzbekistan,58,"255,332",1,"68,000",206,22,,5,93,336,8,"36,121","62,081,323,299","1,917","6,841",7,71,,76,"2,608","2,435,365",15,"32,388,600"
Europe,XKX,Kosovo,,,,,,13,,,,,,,"7,180,813,376","4,009","10,436",,79,,,120,,,"1,791,003"
Latin America & Caribbean,ARG,Argentina,41,"1,112,394",1,"105,000",591,16,89,10,"1,526","2,464",11,"288,990","643,628,665,302","14,613","23,597",8,77,,141,"3,430","14,879,100",37,"44,044,811"
Latin America & Caribbean,ATG,Antigua and Barbuda,20,90,,0,"1,030",12,,5,785,"1,013",19,83,"1,467,977,778","16,111","20,778",83,78,,202,5,,,"91,119"
Latin America & Caribbean,BHS,"Bahamas, The",1,140,0,"1,000","1,292",12,,7,"2,068","2,294",51,"5,099","12,357,600,000","30,970","34,357",78,74,,89,65,,,"399,020"
Latin America & Caribbean,BLZ,Belize,8,"1,720",1,"2,000","1,705",21,,6,283,412,57,"13,105","2,286,000,000","6,101","8,874",,74,,64,63,,,"374,693"
Latin America & Caribbean,BOL,Bolivia,35,"374,880",1,"71,000","1,146",23,,6,213,535,48,"514,922","37,508,642,165","3,280","8,245",10,68,,96,"1,190","1,790,827",23,"11,435,533"
Latin America & Caribbean,BRA,Brazil,28,"2,368,786",1,"730,000","1,761",14,98,9,937,"1,371",60,"5,000,916","2,063,507,864,887","9,897","14,478",2,75,93,106,"27,569","21,391,624",12,"208,504,960"
Latin America & Caribbean,BRB,Barbados,23,100,1,"1,000","1,422",11,96,7,"1,181","1,072",15,63,"4,981,588,900","17,843","16,199",,77,,118,14,,,"279,187"
Latin America & Caribbean,CHL,Chile,21,"157,570",1,"122,000","1,522",12,94,9,"1,368","2,231",24,"178,419","276,364,933,680","15,046","24,547",5,80,96,125,912,"6,627,552",41,"18,368,577"
Latin America & Caribbean,COL,Colombia,45,"494,990",2,"481,000","3,240",15,76,8,495,"1,101",54,"597,398","311,883,730,442","6,450","14,335",12,77,,129,"5,793","10,277,518",26,"48,351,671"
Latin America & Caribbean,CRI,Costa Rica,35,"17,795",0,"10,000","2,926",14,96,7,854,"1,421",58,"29,858","60,516,043,590","12,118","20,168",19,79,,177,408,"1,337,237",34,"4,993,842"
Latin America & Caribbean,CUB,Cuba,61,"63,000",1,"76,000","1,335",10,,11,980,"2,467",31,"32,420","96,851,000,000","8,543",,,78,,41,381,"2,132,206",24,"11,336,405"
Latin America & Caribbean,DMA,Dominica,33,250,,,"2,083",13,,5,405,629,64,479,"521,551,852","7,408","11,512",74,68,,107,6,,,"70,403"
Latin America & Caribbean,DOM,Dominican Republic,50,"24,290",1,"71,000","1,410",20,,4,338,743,44,"21,198","79,997,975,622","7,513","16,525",38,73,,82,"1,672","3,094,465",36,"10,647,244"
Latin America & Caribbean,ECU,Ecuador,23,"55,900",1,"41,000","2,274",18,,7,464,868,51,"126,906","104,295,862,000","6,246","11,679",9,77,93,88,"1,629","2,844,281",27,"16,696,944"
Latin America & Caribbean,GRD,Grenada,24,80,,,"2,350",17,,5,433,692,52,177,"1,125,681,481","9,309","14,870",83,75,,94,7,,,"120,921"
Latin America & Caribbean,GTM,Guatemala,36,"38,560",1,"43,000","1,996",25,96,6,265,495,33,"35,626","71,654,134,379","4,454","8,322",9,73,,121,"2,972","2,813,016",35,"16,087,418"
Latin America & Caribbean,GUY,Guyana,6,"12,421",1,"3,000","2,387",21,,4,269,527,94,"184,430","4,748,174,334","6,221","12,194",,69,,84,174,,,"763,252"
Latin America & Caribbean,HND,Honduras,31,"34,900",1,"23,000","1,976",22,,7,168,382,57,"64,221","23,136,232,230","2,403","5,448",8,73,,86,"1,256","1,318,213",24,"9,626,842"
Latin America & Caribbean,HTI,Haiti,67,"18,400",0,0,"1,440",25,,4,54,122,13,"3,566","15,035,560,373","1,384","3,188",28,64,,58,"2,465","2,568,981",44,"10,863,543"
Latin America & Caribbean,JAM,Jamaica,41,"4,440",0,"4,000","2,051",13,97,6,324,614,54,"5,852","14,808,989,993","5,273","9,985",,72,,110,311,"588,487",38,"2,808,376"
Latin America & Caribbean,KNA,St. Kitts and Nevis,23,60,,,"1,427",13,,5,"1,168","1,546",42,110,"1,058,937,037","22,160","29,333",70,72,,161,8,,,"47,785"
Latin America & Caribbean,LCA,St. Lucia,16,99,,,"2,301",12,,5,526,711,34,208,"1,996,710,563","11,270","15,247",84,73,,100,17,,,"177,163"
Latin America & Caribbean,MEX,Mexico,50,"969,460",1,"336,000",758,17,98,5,515,"1,093",34,"660,754","1,158,913,035,796","9,434","20,032",5,74,95,93,"13,762","21,500,251",22,"122,839,258"
Latin America & Caribbean,NIC,Nicaragua,42,"50,650",0,"12,000","2,280",22,,8,177,493,31,"37,075","13,785,909,906","2,127","5,915",,74,,126,792,"1,040,748",28,"6,480,532"
Latin America & Caribbean,PAN,Panama,30,"22,030",1,"26,000","2,928",19,,7,"1,128","2,267",57,"42,481","62,202,700,000","15,186","30,526",25,78,,129,407,"1,745,913",63,"4,096,063"
Latin America & Caribbean,PER,Peru,19,"245,181",1,"158,000","1,738",18,82,5,333,621,57,"728,348","211,007,207,484","6,676","12,443",9,76,94,123,"2,302","10,194,477",42,"31,605,486"
Latin America & Caribbean,PRY,Paraguay,42,"167,231",1,"27,000","1,130",22,,7,406,899,43,"169,403","38,997,129,474","6,136","13,604",3,74,,118,830,"3,134,940",80,"6,355,404"
Latin America & Caribbean,SLV,El Salvador,58,"12,052",2,"42,000","1,784",17,92,8,336,726,29,"5,974","24,979,190,000","3,986","8,618",17,72,88,151,"1,307","1,104,147",25,"6,266,654"
Latin America & Caribbean,SUR,Suriname,1,840,1,"2,000","2,331",19,,5,325,945,98,"152,330","3,591,660,724","6,113","17,753",3,72,,135,61,,,"587,559"
Latin America & Caribbean,TTO,Trinidad and Tobago,11,540,1,"4,000","2,200",13,,7,"1,059","1,725",45,"2,295","23,797,686,966","16,095","26,214",7,74,,137,174,"544,631",69,"1,478,607"
Latin America & Caribbean,URY,Uruguay,81,"142,229",1,"22,000","1,300",13,97,9,"1,656","2,038",11,"19,680","64,233,966,861","18,770","23,107",17,78,99,149,275,"1,727,095",53,"3,422,200"
Latin America & Caribbean,VCT,St. Vincent and the Grenadines,18,70,,,"1,583",14,,4,337,572,73,285,"847,620,222","8,031","13,633",73,74,,110,13,,,"105,549"
Latin America & Caribbean,VEN,"Venezuela, RB",24,"215,000",3,"343,000","2,044",19,,5,367,549,53,"464,282",,,,,72,,80,"8,681","2,929,709",11,"30,563,433"
West Asia & North Africa,ARE,United Arab Emirates,5,"3,838",1,"63,000",78,11,,4,"1,726","2,853",4,"3,173","390,516,804,017","43,064","71,182",,80,,219,512,"2,650,883",34,"9,068,296"
West Asia & North Africa,BHR,Bahrain,11,86,2,"19,000",83,15,,5,"1,099","2,208",1,6,"35,473,776,596","24,350","48,929",16,80,,162,57,"519,958",40,"1,456,834"
West Asia & North Africa,DJI,Djibouti,73,"17,020",6,"13,000",220,23,,2,66,110,0,56,"2,762,581,334","2,656","4,452",1,63,,36,323,"551,358",68,"1,040,233"
West Asia & North Africa,DZA,Algeria,17,"413,351",3,"317,000",89,25,,6,260,742,1,"19,430","170,097,014,589","4,135","11,809",0,76,,111,"2,249","2,659,373",9,"41,136,546"
West Asia & North Africa,EGY,"Egypt, Arab Rep.",4,"38,370",3,"836,000",18,25,,6,108,588,0,450,"235,733,695,652","2,316","10,436",20,71,71,101,"6,581","19,648,312",45,"101,789,386"
West Asia & North Africa,IRN,"Iran, Islamic Rep.",29,"464,350",2,"563,000",228,19,96,8,462,"1,176",7,"107,106","486,630,146,444","5,759","15,163",,76,,103,"6,871","8,780,950",14,"84,505,076"
West Asia & North Africa,IRQ,Iraq,21,"92,500",2,"209,000",216,29,,4,203,429,2,"8,250","187,217,660,051","4,725","9,977",5,70,86,84,"3,414","6,654,984",24,"39,621,162"
West Asia & North Africa,ISR,Israel,30,"6,440",4,"178,000",435,21,90,7,"3,094","2,968",6,"1,400","358,245,427,459","41,115","39,121",7,83,,127,204,"3,905,583",49,"8,713,300"
West Asia & North Africa,JOR,Jordan,11,"10,070",4,"116,000",111,23,94,8,324,765,1,975,"41,608,435,922","4,073","9,629",39,76,,95,761,"1,966,088",21,"10,215,381"
West Asia & North Africa,KWT,Kuwait,8,"1,514",1,"25,000",121,14,,5,"1,361","2,327",0,63,"120,707,435,542","29,263","50,007",1,80,96,173,119,"2,841,715",69,"4,124,904"
West Asia & North Africa,LBN,Lebanon,66,"6,733",4,"80,000",661,17,,8,677,"1,390",14,"1,415","53,027,680,686","8,680","17,808",43,80,,72,348,"2,331,897",43,"6,109,252"
West Asia & North Africa,LBY,Libya,9,"153,500",,,56,20,,,,,0,"2,170","67,158,415,842","10,529","24,213",,72,,94,345,"1,149,730",23,"6,378,261"
West Asia & North Africa,MAR,Morocco,70,"310,465",2,"246,000",346,19,,5,166,401,13,"57,116","118,540,548,906","3,289","7,922",23,74,,123,"1,883","3,653,152",17,"35,528,115"
West Asia & North Africa,MLT,Malta,32,104,1,"2,000",560,9,90,9,"2,552","3,861",1,4,"13,489,380,931","28,824","43,509",,82,,126,9,,,"467,999"
West Asia & North Africa,OMN,Oman,5,"14,519",2,"47,000",125,20,,5,704,"1,353",0,27,"80,856,697,009","17,803","34,218",7,78,96,149,244,"1,377,500",36,"4,541,854"
West Asia & North Africa,PSE,West Bank and Gaza,74,"4,442",,,402,31,98,,,,2,101,"16,128,000,000","3,620","6,402",9,75,97,84,363,"654,538",19,"4,454,805"
West Asia & North Africa,QAT,Qatar,6,720,1,"22,000",74,10,78,3,"2,041","3,167",0,0,"161,099,122,225","59,408","92,178",18,81,93,147,88,"659,067",25,"2,711,755"
West Asia & North Africa,SAU,Saudi Arabia,81,"1,735,961",2,"252,000",59,19,,6,"1,261","2,868",0,"9,770","688,586,094,413","20,138","45,796",6,77,95,118,"2,646","6,669,098",23,"34,193,122"
West Asia & North Africa,SYR,Syrian Arab Republic,76,"139,210",5,"239,000",252,19,,,,,3,"5,221","16,369,724,433",862,,,68,,81,"5,970","2,286,820",23,"18,983,373"
West Asia & North Africa,TUN,Tunisia,63,"97,430",1,"48,000",207,18,,6,221,673,4,"6,981","42,163,966,273","3,570","10,875",10,76,,121,769,"2,254,227",28,"11,811,443"
West Asia & North Africa,YEM,"Yemen, Rep.",44,"234,520",1,"40,000",167,33,,,,,1,"5,490","26,842,231,205",894,,,66,,51,"7,528","2,681,100",25,"30,034,389"
North America,CAN,Canada,6,"580,240",0,"72,000",537,10,91,11,"4,901","5,247",39,"3,470,391","1,649,265,644,244","45,129","48,317",,82,,87,"1,338","6,009,852",20,"36,545,236"
North America,USA,United States,44,"4,058,104",1,"1,359,000",715,12,91,17,"9,904","9,904",34,"3,097,950","19,477,336,549,000","59,908","59,915",10,79,,103,"20,695","18,761,941",7,"325,122,128"
Central Asia,AFG,Afghanistan,58,"379,100",3,"323,000",327,37,,13,67,265,2,"12,084","18,896,352,022",530,"2,096",1,63,,67,"12,883","3,913,297",43,"35,643,418"
South Asia,BGD,Bangladesh,73,"95,413",0,"221,000","2,666",18,,3,42,114,14,"18,834","293,754,646,182","1,816","4,831",1,72,73,93,"11,352","18,894,385",33,"161,793,964"
South Asia,BTN,Bhutan,13,"5,130",,,"2,200",15,,3,103,351,71,"27,191","2,450,364,928","3,241","10,987",21,71,67,97,112,,,"756,121"
South Asia,IND,India,60,"1,792,356",1,"3,031,000","1,083",18,,3,57,179,24,"713,608","2,651,472,946,375","1,958","6,112",6,70,,86,"149,933","27,602,257",6,"1,354,195,680"
South Asia,LKA,Sri Lanka,45,"27,602",4,"317,000","1,712",15,80,4,146,451,34,"21,225","94,376,246,467","4,401","13,584",27,75,92,131,867,"593,517",15,"21,444,000"
South Asia,MDV,Maldives,21,64,,,"1,972",16,,9,933,"1,759",3,8,"4,754,175,869","10,063","18,974",83,80,,191,17,,,"472,442"
South Asia,NPL,Nepal,29,"41,210",1,"112,000","1,500",21,,5,49,165,42,"59,620","28,971,589,213","1,028","3,496",29,69,,128,"3,322","1,277,463",23,"28,183,426"
South Asia,PAK,Pakistan,48,"370,030",1,"936,000",494,29,,3,43,136,5,"38,499","339,205,615,769","1,568","4,892",3,66,59,67,"25,411","15,020,931",19,"216,379,655"
Sub-Saharan Africa,AGO,Angola,45,"563,974",1,"117,000","1,010",41,,3,113,201,55,"682,726","68,972,769,396","2,283","7,216",2,62,,44,"10,248","7,515,345",38,"30,208,628"
Sub-Saharan Africa,BDI,Burundi,79,"20,330",1,"31,000","1,274",38,,7,21,55,11,"2,796","2,712,324,134",243,751,,62,68,53,"1,684","846,627",60,"11,155,593"
Sub-Saharan Africa,BEN,Benin,35,"39,500",0,"12,000","1,039",39,,3,29,76,29,"32,852","12,701,655,846","1,095","2,934",5,60,,76,"2,408","867,158",16,"11,596,779"
Sub-Saharan Africa,BFA,Burkina Faso,44,"121,430",0,"11,000",748,38,,6,43,120,23,"63,664","14,106,956,830",711,"1,978",5,60,,90,"3,992","2,415,851",42,"19,835,858"
Sub-Saharan Africa,BWA,Botswana,46,"258,616",1,"9,000",416,26,,7,445,972,28,"156,096","16,105,182,316","6,705","14,657",8,67,,135,308,,,"2,401,840"
Sub-Saharan Africa,CAF,Central African Republic,8,"50,800",0,"8,000","1,343",42,,7,28,56,36,"223,930","2,072,349,794",415,840,,54,,24,"2,644","832,920",41,"4,996,741"
Sub-Saharan Africa,CIV,Cote d'Ivoire,67,"212,000",0,"27,000","1,348",36,94,3,69,157,10,"31,754","51,588,158,718","2,076","4,751",4,58,,128,"7,580","4,787,992",38,"24,848,016"
Sub-Saharan Africa,CMR,Cameroon,21,"97,500",0,"24,000","1,604",37,,3,50,125,43,"205,085","36,098,550,142","1,480","3,691",8,61,,83,"8,234","3,458,972",25,"24,393,181"
Sub-Saharan Africa,COD,"Congo, Dem. Rep.",15,"332,760",0,"134,000","1,543",43,,4,19,43,57,"1,294,594","38,019,265,626",451,"1,024",0,59,,42,"30,340","12,624,344",34,"84,283,273"
Sub-Saharan Africa,COG,"Congo, Rep.",31,"106,280",1,"12,000","1,646",33,,3,53,103,64,"219,910","11,094,822,713","2,089","4,074",,64,,95,"1,007","2,135,075",60,"5,312,340"
Sub-Saharan Africa,COM,Comoros,70,"1,310",,,900,31,,5,75,171,18,342,"1,077,439,663","1,415","3,240",47,64,,62,66,,,"761,664"
Sub-Saharan Africa,CPV,Cabo Verde,20,790,0,"1,000",228,19,,5,165,333,11,448,"1,769,787,215","3,133","6,320",57,77,,108,50,,,"564,954"
Sub-Saharan Africa,ERI,Eritrea,63,"75,920",13,"202,000",384,29,,4,21,58,9,"10,647",,,,,67,,20,858,"863,863",64,"3,396,933"
Sub-Saharan Africa,ETH,Ethiopia,33,"375,401",0,"138,000",848,33,,3,25,69,15,"172,875","81,770,791,971",756,"1,988",38,65,52,37,"19,301","4,215,965",19,"108,197,950"
Sub-Saharan Africa,GAB,Gabon,9,"22,008",1,"7,000","1,831",30,,3,194,403,91,"235,662","14,929,488,771","6,976","14,478",,66,,124,328,"790,784",42,"2,140,215"
Sub-Saharan Africa,GHA,Ghana,55,"126,180",0,"16,000","1,187",29,,3,66,162,35,"79,640","60,406,382,899","1,999","4,930",4,64,,122,"4,127","2,907,222",17,"30,222,262"
Sub-Saharan Africa,GIN,Guinea,59,"145,000",0,"13,000","1,651",37,88,4,33,93,26,"63,090","10,324,668,267",843,"2,384",0,59,,96,"4,647","1,798,985",41,"12,240,789"
Sub-Saharan Africa,GMB,"Gambia, The",60,"6,050",0,"1,000",836,36,,3,21,65,26,"2,599","1,504,909,753",632,"1,927",46,63,,125,484,"431,446",30,"2,381,182"
Sub-Saharan Africa,GNB,Guinea-Bissau,29,"8,067",1,"4,000","1,577",33,,7,55,143,71,"20,053","1,350,177,128",718,"1,872",4,60,,76,500,"537,014",67,"1,879,826"
Sub-Saharan Africa,GNQ,Equatorial Guinea,7,"1,914",0,"1,000","2,156",34,,3,249,581,88,"24,735","12,200,912,828","8,410","19,618",,61,,39,372,"353,480",34,"1,450,694"
Sub-Saharan Africa,KEN,Kenya,49,"276,300",0,"29,000",630,30,,4,67,172,6,"35,815","82,035,800,868","1,676","4,313",15,62,,87,"9,378","4,222,389",32,"48,948,137"
Sub-Saharan Africa,LBR,Liberia,20,"19,238",0,"2,000","2,391",33,,10,69,149,80,"77,082","3,390,703,400",707,"1,533",,61,48,55,"1,321","1,366,976",56,"4,796,631"
Sub-Saharan Africa,LSO,Lesotho,80,"24,180",0,"2,000",788,28,,10,108,261,1,345,"2,306,741,845","1,063","2,572",,53,,110,804,,,"2,170,617"
Sub-Saharan Africa,MDG,Madagascar,70,"408,950",0,"22,000","1,513",32,,5,24,75,21,"124,695","13,176,313,594",503,"1,548",20,65,,33,"6,253","2,903,952",30,"26,169,542"
Sub-Saharan Africa,MLI,Mali,34,"412,010",0,"18,000",282,43,97,4,29,79,11,"132,960","15,365,711,725",796,"2,154",6,59,,114,"4,029","2,368,347",30,"19,311,355"
Sub-Saharan Africa,MOZ,Mozambique,52,"412,314",0,"11,000","1,032",38,,8,36,101,48,"374,066","13,219,084,261",463,"1,287",3,60,61,42,"11,749","1,604,256",16,"28,569,441"
Sub-Saharan Africa,MRT,Mauritania,38,"396,610",2,"21,000",92,34,,3,54,174,0,"3,292","6,800,141,922","1,635","5,259",1,65,53,98,565,"1,154,050",53,"4,160,015"
Sub-Saharan Africa,MUS,Mauritius,42,860,0,"3,000","2,041",11,,6,595,"1,215",19,387,"13,713,509,312","10,844","22,149",37,75,,142,94,,,"1,264,613"
Sub-Saharan Africa,MWI,Malawi,60,"56,500",0,"15,000","1,181",34,,8,38,110,25,"23,677","8,943,543,677",500,"1,455",3,63,,43,"4,100","986,455",33,"17,881,167"
Sub-Saharan Africa,NAM,Namibia,47,"388,100",2,"16,000",285,30,,9,476,902,8,"68,519","12,895,153,157","5,454","10,335",10,62,,113,726,"391,736",34,"2,364,534"
Sub-Saharan Africa,NER,Niger,37,"465,970",0,"10,000",151,46,98,6,29,64,1,"11,170","11,185,102,400",515,"1,156",6,62,,40,"6,423","1,177,828",33,"21,737,922"
Sub-Saharan Africa,NGA,Nigeria,76,"689,602",0,"215,000","1,150",39,,4,73,192,24,"221,169","375,745,732,275","1,942","5,120",5,52,,75,"37,052","13,042,316",14,"193,495,907"
Sub-Saharan Africa,RWA,Rwanda,73,"18,117",1,"35,000","1,212",31,,6,48,124,11,"2,730","9,252,834,120",757,"1,935",26,66,,72,"1,671","1,021,081",49,"12,230,339"
Sub-Saharan Africa,SDN,Sudan,37,"691,009",1,"124,000",250,36,,6,71,279,10,"188,760","129,717,804,935","3,189","4,614",17,65,,70,"12,575","5,395,378",39,"40,679,828"
Sub-Saharan Africa,SEN,Senegal,46,"88,780",0,"19,000",686,34,,4,58,136,43,"81,882","20,996,564,752","1,385","3,259",10,68,52,104,"1,587","2,903,112",41,"15,157,793"
Sub-Saharan Africa,SLE,Sierra Leone,55,"39,490",0,"9,000","2,526",34,,9,46,150,36,"25,941","3,719,369,107",484,"1,593",5,59,,86,"2,857","1,104,136",35,"7,677,565"
Sub-Saharan Africa,SOM,Somalia,70,"441,250",1,"20,000",282,45,,,,,10,"62,103","5,609,000,000",377,"1,059",,56,,48,"6,878","1,976,828",30,"14,864,221"
Sub-Saharan Africa,SSD,South Sudan,45,"283,215",5,"185,000",900,33,,8,27,86,11,"71,570",,,,1,55,,26,"3,679","352,229",17,"10,658,226"
Sub-Saharan Africa,STP,Sao Tome and Principe,46,440,,,"3,200",30,,6,116,252,56,538,"375,614,126","1,806","3,935",72,68,,84,45,,,"208,036"
Sub-Saharan Africa,SWZ,Eswatini,71,"12,220",,,788,26,,7,267,573,29,"4,939","4,402,969,226","3,824","8,214",1,58,,89,359,,,"1,151,390"
Sub-Saharan Africa,SYC,Seychelles,3,16,,0,"2,330",17,,5,737,"1,262",73,337,"1,573,433,081","16,417","28,117",31,74,,164,6,,,"95,843"
Sub-Saharan Africa,TCD,Chad,40,"502,380",1,"35,000",322,45,,5,30,73,4,"46,510","10,000,395,242",663,"1,580",,52,,42,"5,270","1,275,726",37,"15,085,884"
Sub-Saharan Africa,TGO,Togo,70,"38,200",0,"10,000","1,168",34,,6,52,126,22,"12,182","6,395,472,574",814,"1,973",15,60,,77,"1,479","1,708,106",53,"7,852,795"
Sub-Saharan Africa,TZA,Tanzania,44,"388,851",0,"28,000","1,071",38,,4,39,97,53,"471,520","53,320,647,489",976,"2,458",27,66,,71,"9,581","5,719,486",31,"56,267,032"
Sub-Saharan Africa,UGA,Uganda,72,"144,150",0,"46,000","1,180",38,,4,31,89,12,"24,617","30,744,473,912",766,"2,128",19,62,,62,"11,722","2,843,137",31,"40,127,085"
Sub-Saharan Africa,ZAF,South Africa,79,"963,410",0,"80,000",495,21,95,8,537,"1,113",14,"171,593","381,448,814,653","6,734","13,950",9,65,87,156,"14,661","5,313,563",14,"56,641,209"
Sub-Saharan Africa,ZMB,Zambia,32,"238,360",0,"16,000","1,020",37,,4,66,149,61,"453,787","25,873,601,261","1,496","3,395",,62,,78,"4,386","2,406,227",32,"17,298,054"
Sub-Saharan Africa,ZWE,Zimbabwe,42,"162,000",1,"51,000",657,33,,6,92,226,45,"175,828","17,584,890,937","1,192","2,332",3,61,,96,"4,159","1,509,901",32,"14,751,101"